{"cameraMode":{"drawMode":0,"name":"Shaded","section":"Shading Mode"},"sceneLighting":true,"audioPlay":false,"sceneViewState":{"showFog":true,"showMaterialUpdate":false,"showSkybox":true,"showFlares":true,"showImageEffects":true,"showParticleSystems":true},"in2DMode":false,"pivot":{"x":1236.19677734375,"y":594.7825317382813,"z":-1082.5518798828125},"rotation":{"x":-0.06595246493816376,"y":0.0029940898530185224,"z":0.00019425919163040817,"w":0.9978448748588562},"size":1581.211181640625,"orthographic":true}